Week,Post_Views,Site_Visits,Beta_Signups,Activated_Users,Paid_Conversions,Revenue,Conversion_Rate,Notes
Week_1,0,0,0,0,0,0,0%,Target: 900 views / 80 visits / 8 signups
Week_2,0,0,0,0,0,0,0%,Target: 1300 views / 120 visits / 12 signups
Week_3,0,0,0,0,0,0,0%,Target: 1500 views / 150 visits / 15 signups (peak season)
Week_4,0,0,0,0,0,0,0%,Target: 1100 views / 100 visits / 10 signups
Week_5,0,0,0,0,0,0,0%,Target: 1600 views / 140 visits / 12 signups
Week_6,0,0,0,0,0,0,0%,Target: 1300 views / 110 visits / 8 signups
Week_7,0,0,0,0,0,0,0%,Target: 1000 views / 80 visits / 5 signups
Week_8,0,0,0,0,0,0,0%,Target: 700 views / 50 visits / 3 signups
TOTAL,0,0,0,0,0,0,0%,Goal: 9400 views / 830 visits / 73 signups / 5 paid / $75 MRR
